timestamp,unit_id,unit_type,empire_or_resistance,location_x,location_y,destination_x,destination_y,homeworld
2025-07-09 08:39:17,1,resistance_soldier,empire,9,4,5,6,Champala
2025-07-09 08:39:16,2,stormtrooper,resistance,1,2,9,2,Bestine IV
2025-07-09 08:39:15,3,unknown,resistance,10,1,1,2,Malastare
2025-07-09 08:39:14,4,at-st,empire,2,5,4,1,Ojom
2025-07-09 08:39:13,5,unknown,resistance,5,7,7,5,Socorro
2025-07-09 08:39:12,6,stormtrooper,resistance,9,3,9,3,Zolan
2025-07-09 08:39:11,7,tie_fighter,empire,4,7,3,2,Aleen Minor
2025-07-09 08:39:10,8,unknown,empire,6,10,5,7,Dorin
2025-07-09 08:39:09,9,at-at,empire,6,10,2,4,Concord Dawn
2025-07-09 08:39:08,10,x-wing,resistance,9,6,2,5,Alderaan
2025-07-09 08:39:07,11,unknown,empire,8,5,2,1,Zolan
2025-07-09 08:39:06,12,resistance_soldier,resistance,4,6,6,10,Alderaan
2025-07-09 08:39:05,13,tie_fighter,empire,2,7,6,9,Trandosha
2025-07-09 08:39:04,14,at-st,empire,3,9,10,8,Iktotch
2025-07-09 08:39:03,15,at-at,empire,8,7,6,4,Quermia
2025-07-09 08:39:02,16,unknown,empire,8,2,3,5,Dorin
2025-07-09 08:39:01,17,unknown,empire,10,10,8,5,Dorin
2025-07-09 08:39:00,18,at-st,resistance,6,3,1,4,Socorro
2025-07-09 08:38:59,19,at-st,resistance,6,6,8,4,Malastare
2025-07-09 08:38:58,20,tie_silencer,resistance,6,9,6,10,Ryloth
2025-07-09 08:38:57,21,unknown,empire,10,8,10,1,Malastare
2025-07-09 08:38:56,22,at-at,empire,5,2,1,4,Aleen Minor
2025-07-09 08:38:55,23,x-wing,empire,6,7,10,8,Naboo
2025-07-09 08:38:54,24,tie_fighter,empire,2,10,1,10,Skako
2025-07-09 08:38:53,25,tie_fighter,resistance,9,6,7,2,Chandrila
2025-07-09 08:38:52,26,tie_fighter,empire,10,1,1,5,Serenno
2025-07-09 08:38:51,27,tie_silencer,empire,1,9,3,8,Concord Dawn
2025-07-09 08:38:50,28,at-st,resistance,7,8,10,8,Dathomir
2025-07-09 08:38:49,29,at-at,resistance,9,6,1,7,Alderaan
2025-07-09 08:38:48,30,x-wing,empire,9,3,2,6,Muunilinst
2025-07-09 08:38:47,31,x-wing,resistance,10,10,2,10,Kashyyyk
2025-07-09 08:38:46,32,stormtrooper,empire,7,10,7,10,Stewjon
2025-07-09 08:38:45,33,unknown,resistance,8,8,1,10,Bestine IV
2025-07-09 08:38:44,34,x-wing,empire,8,5,2,4,Rodia
2025-07-09 08:38:43,35,tie_fighter,empire,8,3,4,7,Ojom
2025-07-09 08:38:42,36,unknown,resistance,10,5,8,7,Cerea
2025-07-09 08:38:41,37,at-st,resistance,6,9,5,7,Champala
2025-07-09 08:38:40,38,at-st,resistance,9,1,1,4,Quermia
2025-07-09 08:38:39,39,x-wing,empire,2,6,9,6,Tatooine
2025-07-09 08:38:38,40,at-at,resistance,10,6,10,6,Mon Cala
2025-07-09 08:38:37,41,at-st,resistance,5,5,10,3,Shili
2025-07-09 08:38:36,42,tie_fighter,empire,5,6,5,1,Haruun Kal
2025-07-09 08:38:35,43,tie_silencer,resistance,9,6,9,6,Cerea
2025-07-09 08:38:34,44,unknown,resistance,1,2,10,8,Alderaan
2025-07-09 08:38:33,45,tie_silencer,empire,9,8,4,8,Skako
2025-07-09 08:38:32,46,stormtrooper,resistance,1,6,3,10,Naboo
2025-07-09 08:38:31,47,at-st,resistance,8,5,10,3,Haruun Kal
2025-07-09 08:38:30,48,at-at,empire,9,8,2,1,Ojom
2025-07-09 08:38:29,49,at-st,resistance,5,3,6,10,Troiken
2025-07-09 08:38:28,50,tie_silencer,empire,9,1,5,1,Trandosha
2025-07-09 08:38:27,51,resistance_soldier,resistance,6,10,10,1,Ojom
2025-07-09 08:38:26,52,tie_silencer,resistance,7,5,2,1,Trandosha
2025-07-09 08:38:25,53,at-at,resistance,6,9,1,2,Haruun Kal
2025-07-09 08:38:24,54,x-wing,resistance,10,8,4,9,Mon Cala
2025-07-09 08:38:23,55,x-wing,empire,7,2,4,6,Tund
2025-07-09 08:38:22,56,unknown,resistance,1,9,3,8,Mirial
2025-07-09 08:38:21,57,at-at,resistance,1,8,4,8,Quermia
2025-07-09 08:38:20,58,tie_silencer,empire,10,6,1,5,Skako
2025-07-09 08:38:19,59,tie_fighter,resistance,8,1,1,7,Mirial
2025-07-09 08:38:18,60,tie_silencer,empire,9,8,6,9,Eriadu
2025-07-09 08:38:17,61,resistance_soldier,resistance,9,2,9,4,Mon Cala
2025-07-09 08:38:16,62,unknown,resistance,4,8,8,3,Chandrila
2025-07-09 08:38:15,63,at-st,resistance,8,6,3,6,Kashyyyk
2025-07-09 08:38:14,64,tie_silencer,resistance,7,2,7,2,Iridonia
2025-07-09 08:38:13,65,tie_silencer,resistance,4,9,8,10,Champala
2025-07-09 08:38:12,66,x-wing,empire,1,4,3,8,Kalee
2025-07-09 08:38:11,67,resistance_soldier,resistance,9,6,8,7,Rodia
2025-07-09 08:38:10,68,resistance_soldier,resistance,7,10,1,9,Vulpter
2025-07-09 08:38:09,69,resistance_soldier,empire,5,8,6,9,Mirial
2025-07-09 08:38:08,70,stormtrooper,resistance,1,5,3,4,Sullust
2025-07-09 08:38:07,71,x-wing,empire,10,6,10,1,Aleen Minor
2025-07-09 08:38:06,72,resistance_soldier,empire,10,8,6,3,Mirial
2025-07-09 08:38:05,73,unknown,empire,9,6,7,3,Chandrila
2025-07-09 08:38:04,74,at-st,empire,8,5,4,9,Iridonia
2025-07-09 08:38:03,75,resistance_soldier,resistance,3,10,3,3,Alderaan
2025-07-09 08:38:02,76,unknown,empire,4,1,3,1,Skako
2025-07-09 08:38:01,77,at-st,resistance,1,3,7,4,Quermia
2025-07-09 08:38:00,78,at-at,resistance,8,10,7,1,Skako
2025-07-09 08:37:59,79,at-at,empire,3,5,5,7,Skako
2025-07-09 08:37:58,80,at-st,resistance,7,1,7,5,Tatooine
2025-07-09 08:37:57,81,tie_fighter,resistance,2,4,5,6,Zolan
2025-07-09 08:37:56,82,resistance_soldier,empire,3,6,10,4,Champala
2025-07-09 08:37:55,83,x-wing,empire,1,2,6,4,Quermia
2025-07-09 08:37:54,84,at-st,empire,9,9,6,7,Zolan
2025-07-09 08:37:53,85,tie_silencer,resistance,1,7,2,4,Haruun Kal
2025-07-09 08:37:52,86,at-st,resistance,8,7,3,3,Rodia
2025-07-09 08:37:51,87,unknown,resistance,4,5,9,10,Mon Cala
2025-07-09 08:37:50,88,x-wing,resistance,4,5,5,8,Umbara
2025-07-09 08:37:49,89,at-at,resistance,3,3,4,7,Mon Cala
2025-07-09 08:37:48,90,x-wing,resistance,10,7,7,5,Tholoth
2025-07-09 08:37:47,91,stormtrooper,resistance,8,6,3,7,Champala
2025-07-09 08:37:46,92,at-at,empire,5,5,1,9,Dathomir
2025-07-09 08:37:45,93,tie_silencer,resistance,8,3,6,7,Kashyyyk
2025-07-09 08:37:44,94,at-at,resistance,9,9,7,2,Eriadu
2025-07-09 08:37:43,95,stormtrooper,empire,7,10,1,8,Stewjon
2025-07-09 08:37:42,96,at-at,resistance,4,7,5,6,Malastare
2025-07-09 08:37:41,97,at-at,resistance,7,8,3,2,Quermia
2025-07-09 08:37:40,98,stormtrooper,empire,5,5,9,9,Concord Dawn
2025-07-09 08:37:39,99,at-at,resistance,2,5,4,2,Socorro
2025-07-09 08:37:38,100,resistance_soldier,resistance,8,1,6,8,Zolan
2025-07-09 08:37:37,101,stormtrooper,empire,2,4,2,4,Vulpter
2025-07-09 08:37:36,102,x-wing,resistance,5,6,1,8,Glee Anselm
2025-07-09 08:37:35,103,unknown,resistance,8,1,1,2,Socorro
2025-07-09 08:37:34,104,tie_silencer,empire,1,4,6,8,Iridonia
2025-07-09 08:37:33,105,stormtrooper,empire,3,8,3,2,Kalee
2025-07-09 08:37:32,106,unknown,resistance,3,4,9,4,Kalee
2025-07-09 08:37:31,107,x-wing,resistance,5,1,9,3,Ojom
2025-07-09 08:37:30,108,tie_fighter,empire,5,3,2,1,Mirial
2025-07-09 08:37:29,109,tie_fighter,resistance,7,10,4,8,Iktotch
2025-07-09 08:37:28,110,at-at,empire,7,9,2,3,Concord Dawn
2025-07-09 08:37:27,111,resistance_soldier,resistance,1,1,4,10,Kashyyyk
2025-07-09 08:37:26,112,at-at,empire,6,9,5,6,Rodia
2025-07-09 08:37:25,113,tie_silencer,empire,7,2,2,8,Muunilinst
2025-07-09 08:37:24,114,tie_fighter,empire,2,3,6,5,Kalee
2025-07-09 08:37:23,115,x-wing,resistance,2,4,4,9,Rodia
2025-07-09 08:37:22,116,at-st,resistance,8,1,1,5,Zolan
2025-07-09 08:37:21,117,x-wing,empire,2,5,1,8,Tatooine
2025-07-09 08:37:20,118,at-st,empire,3,5,9,8,Trandosha
2025-07-09 08:37:19,119,tie_fighter,resistance,9,6,6,4,Ryloth
2025-07-09 08:37:18,120,tie_fighter,empire,8,4,8,6,Cerea
2025-07-09 08:37:17,121,stormtrooper,resistance,2,6,8,3,Socorro
2025-07-09 08:37:16,122,at-at,resistance,2,3,6,7,Mirial
2025-07-09 08:37:15,123,resistance_soldier,empire,4,5,6,6,Corellia
2025-07-09 08:37:14,124,x-wing,empire,1,6,9,5,Socorro
2025-07-09 08:37:13,125,at-st,empire,6,4,3,6,Serenno
2025-07-09 08:37:12,126,stormtrooper,empire,4,8,2,1,Tatooine
2025-07-09 08:37:11,127,x-wing,resistance,9,2,2,7,Rodia
2025-07-09 08:37:10,128,resistance_soldier,empire,3,9,5,1,Iktotch
2025-07-09 08:37:09,129,tie_silencer,empire,10,5,3,4,Trandosha
2025-07-09 08:37:08,130,at-st,empire,7,1,1,8,Ojom
2025-07-09 08:37:07,131,x-wing,resistance,3,1,7,9,Alderaan
2025-07-09 08:37:06,132,x-wing,resistance,5,2,9,10,Kashyyyk
2025-07-09 08:37:05,133,at-at,resistance,9,6,9,9,Alderaan
2025-07-09 08:37:04,134,resistance_soldier,empire,8,3,9,9,Zolan
2025-07-09 08:37:03,135,at-st,empire,7,7,2,9,Troiken
2025-07-09 08:37:02,136,at-st,resistance,8,9,8,8,Glee Anselm
2025-07-09 08:37:01,137,at-at,resistance,9,8,1,1,Socorro
2025-07-09 08:37:00,138,stormtrooper,empire,4,3,5,4,Muunilinst
2025-07-09 08:36:59,139,stormtrooper,resistance,9,6,8,3,Chandrila
2025-07-09 08:36:58,140,resistance_soldier,resistance,9,3,5,7,Tatooine
2025-07-09 08:36:57,141,stormtrooper,resistance,1,8,7,1,Mon Cala
2025-07-09 08:36:56,142,tie_fighter,empire,4,6,3,3,Concord Dawn
2025-07-09 08:36:55,143,tie_silencer,resistance,5,5,8,3,Socorro
2025-07-09 08:36:54,144,x-wing,empire,5,10,8,2,Zolan
2025-07-09 08:36:53,145,stormtrooper,resistance,8,10,8,4,Umbara
2025-07-09 08:36:52,146,at-st,resistance,10,8,2,6,Troiken
2025-07-09 08:36:51,147,resistance_soldier,resistance,1,1,6,7,Tatooine
2025-07-09 08:36:50,148,at-at,resistance,2,2,4,4,Cerea
2025-07-09 08:36:49,149,unknown,empire,5,3,9,6,Aleen Minor
2025-07-09 08:36:48,150,at-at,resistance,4,2,9,1,Troiken
2025-07-09 08:36:47,151,stormtrooper,resistance,2,7,1,6,Vulpter
2025-07-09 08:36:46,152,resistance_soldier,empire,9,3,5,1,Naboo
2025-07-09 08:36:45,153,stormtrooper,resistance,10,3,8,2,Haruun Kal
2025-07-09 08:36:44,154,tie_silencer,empire,8,10,7,2,Stewjon
2025-07-09 08:36:43,155,stormtrooper,empire,5,2,10,10,Zolan
2025-07-09 08:36:42,156,x-wing,empire,8,9,4,1,Bestine IV
2025-07-09 08:36:41,157,stormtrooper,empire,9,6,5,3,Aleen Minor
2025-07-09 08:36:40,158,unknown,empire,10,5,1,9,Malastare
2025-07-09 08:36:39,159,x-wing,resistance,10,5,3,3,Rodia
2025-07-09 08:36:38,160,unknown,resistance,6,8,9,1,Skako
2025-07-09 08:36:37,161,x-wing,empire,5,6,4,4,Vulpter
2025-07-09 08:36:36,162,stormtrooper,resistance,6,2,2,3,Ryloth
2025-07-09 08:36:35,163,stormtrooper,resistance,6,2,8,1,Ojom
2025-07-09 08:36:34,164,tie_fighter,resistance,7,5,10,2,Iridonia
2025-07-09 08:36:33,165,at-at,empire,7,7,8,5,Tholoth
2025-07-09 08:36:32,166,tie_silencer,resistance,10,10,3,4,Aleen Minor
2025-07-09 08:36:31,167,tie_fighter,resistance,6,8,5,7,Aleen Minor
2025-07-09 08:36:30,168,resistance_soldier,resistance,5,3,1,7,Alderaan
2025-07-09 08:36:29,169,x-wing,empire,8,2,9,4,Trandosha
2025-07-09 08:36:28,170,tie_fighter,empire,3,10,9,9,Toydaria
2025-07-09 08:36:27,171,tie_fighter,resistance,6,5,6,9,Sullust
2025-07-09 08:36:26,172,tie_fighter,resistance,4,7,8,8,Sullust
2025-07-09 08:36:25,173,stormtrooper,empire,9,7,4,6,Aleen Minor
2025-07-09 08:36:24,174,unknown,empire,10,7,2,1,Cerea
2025-07-09 08:36:23,175,stormtrooper,resistance,4,3,8,3,Champala
2025-07-09 08:36:22,176,tie_fighter,resistance,2,2,2,2,Iktotch
2025-07-09 08:36:21,177,tie_silencer,empire,10,4,3,9,Rodia
2025-07-09 08:36:20,178,resistance_soldier,resistance,7,9,9,3,Glee Anselm
2025-07-09 08:36:19,179,at-st,resistance,8,10,3,8,Troiken
2025-07-09 08:36:18,180,resistance_soldier,empire,10,8,6,5,Mirial
2025-07-09 08:36:17,181,tie_silencer,resistance,3,10,9,3,Shili
2025-07-09 08:36:16,182,unknown,resistance,8,8,3,10,Champala
2025-07-09 08:36:15,183,resistance_soldier,resistance,3,4,4,3,Vulpter
2025-07-09 08:36:14,184,stormtrooper,resistance,6,4,7,6,Umbara
2025-07-09 08:36:13,185,stormtrooper,resistance,5,10,9,7,Quermia
2025-07-09 08:36:12,186,stormtrooper,empire,3,9,10,6,Eriadu
2025-07-09 08:36:11,187,at-st,resistance,8,4,7,10,Quermia
2025-07-09 08:36:10,188,at-st,resistance,3,9,4,8,Cerea
2025-07-09 08:36:09,189,stormtrooper,resistance,1,8,5,4,Iridonia
2025-07-09 08:36:08,190,tie_silencer,resistance,4,2,1,2,Ojom
2025-07-09 08:36:07,191,at-at,empire,5,8,6,1,Muunilinst
2025-07-09 08:36:06,192,at-at,resistance,9,9,3,10,Toydaria
2025-07-09 08:36:05,193,at-at,resistance,9,10,8,9,Eriadu
2025-07-09 08:36:04,194,resistance_soldier,resistance,4,3,1,10,Kashyyyk
2025-07-09 08:36:03,195,x-wing,resistance,7,2,1,7,Champala
2025-07-09 08:36:02,196,at-at,resistance,1,2,2,6,Iridonia
2025-07-09 08:36:01,197,at-st,empire,5,6,4,7,Malastare
2025-07-09 08:36:00,198,resistance_soldier,empire,2,6,3,4,Stewjon
2025-07-09 08:35:59,199,at-at,empire,6,10,4,1,Muunilinst
2025-07-09 08:35:58,200,at-at,empire,4,9,7,8,Troiken
2025-07-09 08:35:57,201,resistance_soldier,resistance,9,8,4,3,Kalee
2025-07-09 08:35:56,202,at-at,resistance,5,9,3,7,Haruun Kal
2025-07-09 08:35:55,203,at-at,resistance,9,10,10,10,Kalee
2025-07-09 08:35:54,204,unknown,resistance,10,5,3,8,Alderaan
2025-07-09 08:35:53,205,at-st,empire,3,7,10,9,Glee Anselm
2025-07-09 08:35:52,206,stormtrooper,resistance,3,2,8,4,Toydaria
2025-07-09 08:35:51,207,x-wing,resistance,7,9,5,6,Champala
2025-07-09 08:35:50,208,resistance_soldier,resistance,3,3,3,5,Zolan
2025-07-09 08:35:49,209,x-wing,empire,9,10,4,5,Concord Dawn
2025-07-09 08:35:48,210,unknown,empire,6,6,5,2,Tholoth
2025-07-09 08:35:47,211,at-st,empire,8,6,2,7,Tund
2025-07-09 08:35:46,212,tie_fighter,resistance,3,6,9,6,Iktotch
2025-07-09 08:35:45,213,tie_fighter,empire,4,9,4,7,Trandosha
2025-07-09 08:35:44,214,stormtrooper,resistance,1,4,3,3,Haruun Kal
2025-07-09 08:35:43,215,unknown,resistance,6,3,8,5,Troiken
2025-07-09 08:35:42,216,tie_fighter,empire,2,5,10,5,Serenno
2025-07-09 08:35:41,217,unknown,resistance,6,4,10,5,Umbara
2025-07-09 08:35:40,218,resistance_soldier,resistance,5,5,1,10,Quermia
2025-07-09 08:35:39,219,unknown,resistance,2,1,2,8,Kashyyyk
2025-07-09 08:35:38,220,at-st,resistance,1,6,2,10,Concord Dawn
2025-07-09 08:35:37,221,tie_silencer,empire,3,4,4,8,Ojom
2025-07-09 08:35:36,222,resistance_soldier,empire,3,4,6,5,Trandosha
2025-07-09 08:35:35,223,x-wing,resistance,10,5,4,8,Kashyyyk
2025-07-09 08:35:34,224,tie_fighter,empire,7,7,2,1,Muunilinst
2025-07-09 08:35:33,225,x-wing,empire,6,3,5,8,Shili
2025-07-09 08:35:32,226,x-wing,empire,2,3,9,6,Dagobah
2025-07-09 08:35:31,227,at-at,resistance,6,6,1,4,Dathomir
2025-07-09 08:35:30,228,at-st,resistance,1,9,9,7,Tholoth
2025-07-09 08:35:29,229,resistance_soldier,empire,5,8,10,7,Malastare
2025-07-09 08:35:28,230,tie_silencer,empire,3,7,3,7,Concord Dawn
2025-07-09 08:35:27,231,resistance_soldier,empire,2,10,7,1,Concord Dawn
2025-07-09 08:35:26,232,stormtrooper,resistance,9,2,9,2,Shili
2025-07-09 08:35:25,233,tie_fighter,resistance,3,4,3,8,Ryloth
2025-07-09 08:35:24,234,tie_silencer,resistance,7,2,8,4,Skako
2025-07-09 08:35:23,235,tie_silencer,resistance,5,8,4,8,Dathomir
2025-07-09 08:35:22,236,tie_silencer,empire,7,8,6,4,Glee Anselm
2025-07-09 08:35:21,237,at-st,empire,6,6,8,7,Trandosha
2025-07-09 08:35:20,238,at-at,resistance,9,2,6,4,Socorro
2025-07-09 08:35:19,239,unknown,resistance,10,8,1,2,Tund
2025-07-09 08:35:18,240,at-at,empire,9,5,6,5,Dorin
2025-07-09 08:35:17,241,at-at,resistance,7,9,4,8,Haruun Kal
2025-07-09 08:35:16,242,tie_silencer,empire,4,8,8,1,Shili
2025-07-09 08:35:15,243,tie_silencer,empire,5,2,9,10,Aleen Minor
2025-07-09 08:35:14,244,unknown,empire,10,2,6,2,Corellia
2025-07-09 08:35:13,245,at-st,empire,5,7,7,10,Dagobah
2025-07-09 08:35:12,246,tie_fighter,resistance,2,4,2,4,Socorro
2025-07-09 08:35:11,247,x-wing,empire,10,3,9,5,Vulpter
2025-07-09 08:35:10,248,tie_fighter,resistance,8,7,2,2,Eriadu
2025-07-09 08:35:09,249,tie_silencer,resistance,8,6,7,10,Kalee
2025-07-09 08:35:08,250,stormtrooper,empire,5,4,1,1,Skako
2025-07-09 08:35:07,251,x-wing,resistance,4,3,5,1,Sullust
2025-07-09 08:35:06,252,resistance_soldier,empire,2,3,1,4,Aleen Minor
2025-07-09 08:35:05,253,resistance_soldier,empire,4,7,8,5,Malastare
2025-07-09 08:35:04,254,at-st,resistance,7,6,7,4,Trandosha
2025-07-09 08:35:03,255,resistance_soldier,empire,3,5,6,5,Umbara
2025-07-09 08:35:02,256,x-wing,resistance,3,3,9,6,Naboo
2025-07-09 08:35:01,257,unknown,resistance,5,2,7,8,Ryloth
2025-07-09 08:35:00,258,tie_silencer,empire,5,2,5,2,Cerea
2025-07-09 08:34:59,259,tie_silencer,resistance,4,5,7,8,Glee Anselm
2025-07-09 08:34:58,260,tie_silencer,resistance,10,8,10,1,Chandrila
2025-07-09 08:34:57,261,resistance_soldier,resistance,4,8,2,6,Alderaan
2025-07-09 08:34:56,262,x-wing,empire,8,3,9,7,Tatooine
2025-07-09 08:34:55,263,x-wing,empire,6,3,10,10,Quermia
2025-07-09 08:34:54,264,at-st,empire,2,2,6,1,Muunilinst
2025-07-09 08:34:53,265,stormtrooper,empire,8,2,3,10,Shili
2025-07-09 08:34:52,266,x-wing,resistance,10,4,8,5,Vulpter
2025-07-09 08:34:51,267,tie_silencer,resistance,1,6,3,4,Mon Cala
2025-07-09 08:34:50,268,resistance_soldier,resistance,5,3,10,7,Haruun Kal
2025-07-09 08:34:49,269,tie_silencer,empire,4,1,9,3,Cerea
2025-07-09 08:34:48,270,stormtrooper,resistance,5,2,1,9,Alderaan
2025-07-09 08:34:47,271,x-wing,resistance,6,1,8,7,Vulpter
2025-07-09 08:34:46,272,stormtrooper,empire,4,8,3,2,Mirial
2025-07-09 08:34:45,273,tie_silencer,resistance,4,5,2,10,Malastare
2025-07-09 08:34:44,274,unknown,resistance,7,9,7,3,Umbara
2025-07-09 08:34:43,275,tie_silencer,resistance,4,7,4,3,Naboo
2025-07-09 08:34:42,276,tie_fighter,empire,2,6,4,3,Vulpter
2025-07-09 08:34:41,277,tie_silencer,empire,7,2,3,10,Eriadu
2025-07-09 08:34:40,278,at-st,resistance,10,1,8,3,Dorin
2025-07-09 08:34:39,279,tie_silencer,empire,10,9,10,4,Vulpter
2025-07-09 08:34:38,280,tie_silencer,empire,2,2,7,4,Malastare
2025-07-09 08:34:37,281,tie_fighter,resistance,4,4,8,4,Quermia
2025-07-09 08:34:36,282,at-st,resistance,9,5,10,1,Quermia
2025-07-09 08:34:35,283,stormtrooper,empire,5,7,7,1,Dorin
2025-07-09 08:34:34,284,stormtrooper,resistance,3,6,4,9,Cerea
2025-07-09 08:34:33,285,stormtrooper,resistance,5,1,8,5,Mon Cala
2025-07-09 08:34:32,286,stormtrooper,resistance,5,4,1,9,Tund
2025-07-09 08:34:31,287,tie_silencer,empire,4,6,9,4,Mirial
2025-07-09 08:34:30,288,unknown,empire,2,5,8,2,Umbara
2025-07-09 08:34:29,289,stormtrooper,resistance,6,7,9,6,Umbara
2025-07-09 08:34:28,290,tie_fighter,empire,3,3,4,9,Concord Dawn
2025-07-09 08:34:27,291,at-st,resistance,2,7,5,6,Iridonia
2025-07-09 08:34:26,292,at-st,resistance,2,2,7,8,Dorin
2025-07-09 08:34:25,293,unknown,resistance,1,10,2,6,Serenno
2025-07-09 08:34:24,294,tie_fighter,empire,6,4,10,8,Malastare
2025-07-09 08:34:23,295,at-st,resistance,3,2,7,10,Mon Cala
2025-07-09 08:34:22,296,at-at,resistance,8,9,1,9,Ojom
2025-07-09 08:34:21,297,resistance_soldier,resistance,7,8,2,3,Chandrila
2025-07-09 08:34:20,298,at-st,resistance,8,4,7,7,Sullust
2025-07-09 08:34:19,299,stormtrooper,resistance,9,2,1,2,Troiken
2025-07-09 08:34:18,300,at-st,resistance,3,5,3,10,Kalee
2025-07-09 08:34:17,301,resistance_soldier,empire,8,6,8,9,Iktotch
2025-07-09 08:34:16,302,tie_silencer,empire,8,4,10,10,Naboo
2025-07-09 08:34:15,303,tie_fighter,empire,6,3,7,4,Vulpter
2025-07-09 08:34:14,304,at-at,resistance,3,8,5,1,Iktotch
2025-07-09 08:34:13,305,at-at,empire,1,2,9,2,Bestine IV
2025-07-09 08:34:12,306,x-wing,empire,3,9,10,6,Troiken
2025-07-09 08:34:11,307,x-wing,empire,3,9,4,5,Trandosha
2025-07-09 08:34:10,308,stormtrooper,empire,7,7,3,3,Eriadu
2025-07-09 08:34:09,309,at-st,empire,8,5,4,2,Corellia
2025-07-09 08:34:08,310,unknown,empire,7,4,10,8,Toydaria
2025-07-09 08:34:07,311,x-wing,empire,10,6,9,10,Naboo
2025-07-09 08:34:06,312,at-st,resistance,4,10,1,10,Haruun Kal
2025-07-09 08:34:05,313,stormtrooper,empire,10,7,5,4,Naboo
2025-07-09 08:34:04,314,at-at,resistance,6,7,3,9,Toydaria
2025-07-09 08:34:03,315,tie_fighter,resistance,1,5,6,7,Bestine IV
2025-07-09 08:34:02,316,x-wing,resistance,2,9,7,8,Skako
2025-07-09 08:34:01,317,stormtrooper,resistance,5,8,10,7,Sullust
2025-07-09 08:34:00,318,resistance_soldier,resistance,6,7,1,2,Glee Anselm
2025-07-09 08:33:59,319,at-st,empire,8,7,4,6,Malastare
2025-07-09 08:33:58,320,stormtrooper,resistance,10,8,10,4,Stewjon
2025-07-09 08:33:57,321,at-at,empire,3,3,4,10,Ryloth
2025-07-09 08:33:56,322,at-at,resistance,4,3,1,9,Eriadu
2025-07-09 08:33:55,323,x-wing,empire,1,2,3,8,Toydaria
2025-07-09 08:33:54,324,tie_silencer,empire,9,3,7,6,Toydaria
2025-07-09 08:33:53,325,stormtrooper,empire,2,8,4,9,Kashyyyk
2025-07-09 08:33:52,326,tie_silencer,resistance,9,4,9,7,Ryloth
2025-07-09 08:33:51,327,stormtrooper,resistance,9,6,5,7,Trandosha
2025-07-09 08:33:50,328,at-st,empire,8,3,9,5,Eriadu
2025-07-09 08:33:49,329,tie_fighter,empire,3,10,8,3,Eriadu
2025-07-09 08:33:48,330,tie_silencer,resistance,6,4,10,5,Mirial
2025-07-09 08:33:47,331,at-at,resistance,8,4,3,10,Alderaan
2025-07-09 08:33:46,332,resistance_soldier,resistance,7,3,3,1,Kashyyyk
2025-07-09 08:33:45,333,stormtrooper,resistance,3,8,10,2,Alderaan
2025-07-09 08:33:44,334,tie_fighter,resistance,5,2,6,1,Eriadu
2025-07-09 08:33:43,335,unknown,resistance,2,7,4,4,Tholoth
2025-07-09 08:33:42,336,at-at,resistance,1,9,7,4,Mon Cala
2025-07-09 08:33:41,337,unknown,resistance,1,4,5,1,Zolan
2025-07-09 08:33:40,338,at-st,resistance,8,3,5,5,Socorro
2025-07-09 08:33:39,339,tie_silencer,resistance,10,8,9,7,Alderaan
2025-07-09 08:33:38,340,at-st,resistance,2,7,7,4,Naboo
2025-07-09 08:33:37,341,x-wing,resistance,9,8,6,2,Skako
2025-07-09 08:33:36,342,at-st,resistance,4,10,4,9,Dorin
2025-07-09 08:33:35,343,unknown,resistance,3,1,1,4,Mon Cala
2025-07-09 08:33:34,344,tie_silencer,resistance,1,4,4,8,Kalee
2025-07-09 08:33:33,345,resistance_soldier,empire,5,6,9,3,Mirial
2025-07-09 08:33:32,346,unknown,resistance,4,8,9,2,Tatooine
2025-07-09 08:33:31,347,tie_silencer,resistance,10,6,1,2,Dorin
2025-07-09 08:33:30,348,x-wing,resistance,3,5,6,2,Iridonia
2025-07-09 08:33:29,349,tie_fighter,empire,8,5,10,1,Malastare
2025-07-09 08:33:28,350,stormtrooper,empire,10,7,4,3,Stewjon
2025-07-09 08:33:27,351,tie_silencer,resistance,1,7,6,8,Aleen Minor
2025-07-09 08:33:26,352,unknown,empire,3,2,7,6,Toydaria
2025-07-09 08:33:25,353,tie_fighter,resistance,8,8,8,7,Ryloth
2025-07-09 08:33:24,354,x-wing,resistance,5,10,10,10,Chandrila
2025-07-09 08:33:23,355,resistance_soldier,resistance,5,5,4,4,Zolan
2025-07-09 08:33:22,356,unknown,resistance,5,9,1,9,Dathomir
2025-07-09 08:33:21,357,resistance_soldier,resistance,8,8,4,8,Kashyyyk
2025-07-09 08:33:20,358,at-at,resistance,6,2,1,9,Socorro
2025-07-09 08:33:19,359,stormtrooper,empire,7,3,7,1,Kalee
2025-07-09 08:33:18,360,tie_silencer,empire,7,5,5,9,Ojom
2025-07-09 08:33:17,361,tie_fighter,empire,6,8,6,1,Dagobah
2025-07-09 08:33:16,362,unknown,resistance,7,8,4,10,Alderaan
2025-07-09 08:33:15,363,tie_silencer,empire,2,3,7,4,Tatooine
2025-07-09 08:33:14,364,unknown,resistance,3,2,9,2,Kalee
2025-07-09 08:33:13,365,resistance_soldier,empire,9,3,6,7,Stewjon
2025-07-09 08:33:12,366,resistance_soldier,resistance,7,7,1,2,Naboo
2025-07-09 08:33:11,367,resistance_soldier,resistance,8,5,9,2,Vulpter
2025-07-09 08:33:10,368,tie_fighter,resistance,5,4,10,8,Toydaria
2025-07-09 08:33:09,369,stormtrooper,empire,2,10,9,3,Aleen Minor
2025-07-09 08:33:08,370,unknown,empire,4,5,1,6,Malastare
2025-07-09 08:33:07,371,resistance_soldier,empire,4,10,9,7,Socorro
2025-07-09 08:33:06,372,at-st,resistance,3,4,4,8,Haruun Kal
2025-07-09 08:33:05,373,unknown,empire,7,1,4,4,Trandosha
2025-07-09 08:33:04,374,at-st,resistance,5,10,6,5,Champala
2025-07-09 08:33:03,375,resistance_soldier,resistance,2,4,2,7,Kashyyyk
2025-07-09 08:33:02,376,unknown,resistance,9,8,8,3,Glee Anselm
2025-07-09 08:33:01,377,at-st,empire,1,8,9,1,Dagobah
2025-07-09 08:33:00,378,x-wing,resistance,6,1,8,6,Umbara
2025-07-09 08:32:59,379,unknown,resistance,10,10,7,8,Zolan
2025-07-09 08:32:58,380,resistance_soldier,resistance,4,1,6,8,Tatooine
2025-07-09 08:32:57,381,unknown,resistance,6,8,2,9,Troiken
2025-07-09 08:32:56,382,at-at,empire,10,10,2,4,Muunilinst
2025-07-09 08:32:55,383,tie_silencer,resistance,2,6,7,1,Iktotch
2025-07-09 08:32:54,384,x-wing,empire,5,3,8,10,Rodia
2025-07-09 08:32:53,385,stormtrooper,resistance,4,1,8,9,Malastare
2025-07-09 08:32:52,386,x-wing,resistance,10,2,3,10,Skako
2025-07-09 08:32:51,387,at-at,empire,8,6,7,8,Corellia
2025-07-09 08:32:50,388,x-wing,resistance,3,10,6,9,Zolan
2025-07-09 08:32:49,389,tie_fighter,resistance,3,3,5,7,Concord Dawn
2025-07-09 08:32:48,390,at-at,empire,3,6,8,7,Dagobah
2025-07-09 08:32:47,391,resistance_soldier,empire,9,10,1,10,Ojom
2025-07-09 08:32:46,392,unknown,resistance,8,2,10,5,Iridonia
2025-07-09 08:32:45,393,tie_silencer,empire,6,5,7,1,Corellia
2025-07-09 08:32:44,394,x-wing,empire,3,2,1,2,Corellia
2025-07-09 08:32:43,395,at-st,resistance,5,7,2,1,Umbara
2025-07-09 08:32:42,396,unknown,empire,5,2,1,6,Mirial
2025-07-09 08:32:41,397,at-st,empire,8,1,4,6,Glee Anselm
2025-07-09 08:32:40,398,tie_silencer,resistance,1,7,4,9,Haruun Kal
2025-07-09 08:32:39,399,tie_fighter,empire,6,7,3,5,Tholoth
2025-07-09 08:32:38,400,at-st,empire,4,3,4,1,Muunilinst
2025-07-09 08:32:37,401,stormtrooper,empire,3,7,1,4,Bestine IV
2025-07-09 08:32:36,402,at-st,empire,6,6,6,5,Mirial
2025-07-09 08:32:35,403,tie_silencer,resistance,7,7,1,4,Zolan
2025-07-09 08:32:34,404,tie_silencer,resistance,6,4,4,9,Aleen Minor
2025-07-09 08:32:33,405,tie_fighter,empire,9,6,4,7,Muunilinst
2025-07-09 08:32:32,406,resistance_soldier,empire,4,1,6,8,Corellia
2025-07-09 08:32:31,407,tie_fighter,resistance,7,9,5,8,Champala
2025-07-09 08:32:30,408,resistance_soldier,resistance,3,7,4,1,Socorro
2025-07-09 08:32:29,409,tie_fighter,resistance,9,3,8,2,Rodia
2025-07-09 08:32:28,410,resistance_soldier,resistance,4,4,1,3,Ojom
2025-07-09 08:32:27,411,tie_fighter,resistance,10,9,2,2,Ryloth
2025-07-09 08:32:26,412,x-wing,empire,2,10,5,8,Stewjon
2025-07-09 08:32:25,413,unknown,resistance,5,6,9,4,Eriadu
2025-07-09 08:32:24,414,tie_silencer,resistance,9,7,9,5,Naboo
2025-07-09 08:32:23,415,stormtrooper,resistance,6,10,5,10,Dorin
2025-07-09 08:32:22,416,unknown,resistance,1,6,1,4,Skako
2025-07-09 08:32:21,417,at-at,empire,7,2,4,9,Dagobah
2025-07-09 08:32:20,418,stormtrooper,resistance,10,9,10,5,Quermia
2025-07-09 08:32:19,419,resistance_soldier,empire,8,10,5,4,Dorin
2025-07-09 08:32:18,420,tie_silencer,resistance,10,3,8,3,Haruun Kal
2025-07-09 08:32:17,421,stormtrooper,resistance,10,7,3,10,Champala
2025-07-09 08:32:16,422,stormtrooper,empire,6,3,10,4,Kalee
2025-07-09 08:32:15,423,resistance_soldier,empire,9,2,4,10,Stewjon
2025-07-09 08:32:14,424,unknown,empire,7,10,8,2,Dagobah
2025-07-09 08:32:13,425,at-st,resistance,1,2,10,9,Iridonia
2025-07-09 08:32:12,426,x-wing,resistance,10,5,7,7,Ryloth
2025-07-09 08:32:11,427,tie_silencer,empire,5,4,9,4,Zolan
2025-07-09 08:32:10,428,stormtrooper,empire,8,2,4,2,Malastare
2025-07-09 08:32:09,429,unknown,resistance,4,7,1,1,Haruun Kal
2025-07-09 08:32:08,430,tie_fighter,empire,1,3,10,10,Aleen Minor
2025-07-09 08:32:07,431,stormtrooper,resistance,9,1,8,7,Alderaan
2025-07-09 08:32:06,432,tie_fighter,empire,7,9,4,10,Serenno
2025-07-09 08:32:05,433,tie_silencer,resistance,8,2,1,2,Glee Anselm
2025-07-09 08:32:04,434,tie_silencer,empire,8,2,4,10,Muunilinst
2025-07-09 08:32:03,435,at-at,resistance,3,10,7,4,Tholoth
2025-07-09 08:32:02,436,x-wing,empire,5,5,2,6,Serenno
2025-07-09 08:32:01,437,resistance_soldier,resistance,9,9,3,5,Troiken
2025-07-09 08:32:00,438,x-wing,empire,9,2,8,7,Quermia
2025-07-09 08:31:59,439,tie_silencer,empire,2,1,8,10,Trandosha
2025-07-09 08:31:58,440,stormtrooper,resistance,3,10,8,5,Alderaan
2025-07-09 08:31:57,441,x-wing,resistance,5,3,2,4,Kalee
2025-07-09 08:31:56,442,tie_silencer,empire,5,1,4,2,Vulpter
2025-07-09 08:31:55,443,resistance_soldier,resistance,5,2,1,7,Haruun Kal
2025-07-09 08:31:54,444,at-at,empire,1,4,5,5,Eriadu
2025-07-09 08:31:53,445,tie_silencer,resistance,7,1,1,3,Tatooine
2025-07-09 08:31:52,446,unknown,resistance,1,2,10,3,Champala
2025-07-09 08:31:51,447,at-at,empire,10,2,3,1,Glee Anselm
2025-07-09 08:31:50,448,tie_silencer,resistance,7,10,5,2,Aleen Minor
2025-07-09 08:31:49,449,at-st,resistance,10,2,6,1,Naboo
2025-07-09 08:31:48,450,at-at,empire,9,5,4,7,Tholoth
2025-07-09 08:31:47,451,unknown,resistance,4,9,1,4,Kashyyyk
2025-07-09 08:31:46,452,tie_fighter,empire,1,10,1,6,Tholoth
2025-07-09 08:31:45,453,x-wing,empire,10,2,2,1,Malastare
2025-07-09 08:31:44,454,at-st,empire,2,8,3,6,Dagobah
2025-07-09 08:31:43,455,tie_silencer,empire,8,4,1,2,Muunilinst
2025-07-09 08:31:42,456,at-st,resistance,8,2,10,9,Toydaria
2025-07-09 08:31:41,457,stormtrooper,empire,10,1,7,6,Trandosha
2025-07-09 08:31:40,458,at-at,resistance,7,8,7,6,Mon Cala
2025-07-09 08:31:39,459,tie_silencer,resistance,2,9,4,9,Umbara
2025-07-09 08:31:38,460,stormtrooper,resistance,4,6,4,1,Tatooine
2025-07-09 08:31:37,461,x-wing,empire,3,6,9,5,Quermia
2025-07-09 08:31:36,462,tie_fighter,resistance,3,2,6,5,Chandrila
2025-07-09 08:31:35,463,stormtrooper,empire,10,5,6,4,Malastare
2025-07-09 08:31:34,464,resistance_soldier,empire,10,5,3,5,Corellia
2025-07-09 08:31:33,465,at-at,empire,2,8,7,7,Aleen Minor
2025-07-09 08:31:32,466,stormtrooper,resistance,7,1,3,3,Sullust
2025-07-09 08:31:31,467,unknown,resistance,1,3,1,10,Sullust
2025-07-09 08:31:30,468,at-st,resistance,10,8,4,10,Corellia
2025-07-09 08:31:29,469,at-st,empire,3,5,2,2,Dorin
2025-07-09 08:31:28,470,stormtrooper,resistance,10,2,5,4,Ryloth
2025-07-09 08:31:27,471,x-wing,empire,1,2,1,9,Dagobah
2025-07-09 08:31:26,472,at-at,empire,2,10,9,9,Ojom
2025-07-09 08:31:25,473,tie_fighter,resistance,4,5,8,6,Glee Anselm
2025-07-09 08:31:24,474,x-wing,empire,4,1,9,7,Cerea
2025-07-09 08:31:23,475,tie_fighter,empire,8,2,1,8,Shili
2025-07-09 08:31:22,476,at-st,resistance,1,8,8,9,Rodia
2025-07-09 08:31:21,477,resistance_soldier,resistance,8,1,7,8,Iktotch
2025-07-09 08:31:20,478,tie_silencer,empire,7,9,8,2,Muunilinst
2025-07-09 08:31:19,479,tie_silencer,empire,4,7,4,8,Tholoth
2025-07-09 08:31:18,480,stormtrooper,resistance,9,1,6,3,Vulpter
2025-07-09 08:31:17,481,tie_fighter,empire,4,4,9,6,Tatooine
2025-07-09 08:31:16,482,resistance_soldier,empire,8,4,9,4,Zolan
2025-07-09 08:31:15,483,tie_fighter,empire,1,10,4,6,Mirial
2025-07-09 08:31:14,484,unknown,resistance,2,10,8,3,Dathomir
2025-07-09 08:31:13,485,tie_silencer,resistance,2,6,1,10,Alderaan
2025-07-09 08:31:12,486,stormtrooper,empire,8,6,10,8,Zolan
2025-07-09 08:31:11,487,tie_fighter,empire,6,10,9,8,Corellia
2025-07-09 08:31:10,488,tie_silencer,resistance,10,9,9,5,Ryloth
2025-07-09 08:31:09,489,tie_silencer,resistance,9,1,3,1,Kashyyyk
2025-07-09 08:31:08,490,at-at,empire,6,2,4,5,Tund
2025-07-09 08:31:07,491,tie_fighter,resistance,1,9,10,3,Umbara
2025-07-09 08:31:06,492,at-st,resistance,2,5,3,3,Kalee
2025-07-09 08:31:05,493,resistance_soldier,resistance,1,7,8,5,Dagobah
2025-07-09 08:31:04,494,resistance_soldier,empire,9,5,9,6,Stewjon
2025-07-09 08:31:03,495,at-at,resistance,4,7,5,6,Rodia
2025-07-09 08:31:02,496,x-wing,resistance,1,3,6,5,Kashyyyk
2025-07-09 08:31:01,497,resistance_soldier,empire,10,8,9,1,Glee Anselm
2025-07-09 08:31:00,498,resistance_soldier,resistance,9,8,2,10,Troiken
2025-07-09 08:30:59,499,x-wing,resistance,2,9,3,8,Iktotch
2025-07-09 08:30:58,500,at-st,resistance,6,5,2,10,Shili
2025-07-09 08:30:57,501,x-wing,resistance,4,6,5,7,Tatooine
2025-07-09 08:30:56,502,at-at,empire,8,4,8,5,Malastare
2025-07-09 08:30:55,503,stormtrooper,resistance,6,3,2,9,Glee Anselm
2025-07-09 08:30:54,504,at-st,empire,10,7,7,3,Skako
2025-07-09 08:30:53,505,stormtrooper,resistance,6,9,9,7,Glee Anselm
2025-07-09 08:30:52,506,resistance_soldier,resistance,6,10,8,8,Champala
2025-07-09 08:30:51,507,unknown,empire,2,5,8,1,Vulpter
2025-07-09 08:30:50,508,at-st,resistance,6,7,1,8,Sullust
2025-07-09 08:30:49,509,stormtrooper,empire,3,5,5,1,Skako
2025-07-09 08:30:48,510,resistance_soldier,resistance,7,8,3,3,Iridonia
2025-07-09 08:30:47,511,resistance_soldier,empire,6,3,4,5,Umbara
2025-07-09 08:30:46,512,tie_silencer,resistance,5,2,1,5,Tatooine
2025-07-09 08:30:45,513,at-at,empire,3,5,8,3,Quermia
2025-07-09 08:30:44,514,resistance_soldier,empire,3,1,9,7,Tatooine
2025-07-09 08:30:43,515,tie_fighter,resistance,2,7,3,3,Alderaan
2025-07-09 08:30:42,516,unknown,resistance,3,9,4,7,Kashyyyk
2025-07-09 08:30:41,517,x-wing,resistance,3,1,4,6,Tatooine
2025-07-09 08:30:40,518,unknown,resistance,3,8,4,10,Iridonia
2025-07-09 08:30:39,519,stormtrooper,empire,5,7,4,2,Tund
2025-07-09 08:30:38,520,resistance_soldier,empire,6,8,8,4,Muunilinst
2025-07-09 08:30:37,521,stormtrooper,empire,5,4,4,7,Serenno
2025-07-09 08:30:36,522,tie_fighter,resistance,6,10,10,7,Vulpter
2025-07-09 08:30:35,523,x-wing,resistance,9,6,1,10,Bestine IV
2025-07-09 08:30:34,524,stormtrooper,resistance,6,5,4,9,Mon Cala
2025-07-09 08:30:33,525,x-wing,empire,1,1,5,4,Aleen Minor
2025-07-09 08:30:32,526,resistance_soldier,resistance,8,1,4,9,Iridonia
2025-07-09 08:30:31,527,x-wing,empire,4,8,8,7,Skako
2025-07-09 08:30:30,528,tie_silencer,resistance,4,10,7,7,Troiken
2025-07-09 08:30:29,529,x-wing,empire,7,4,6,7,Aleen Minor
2025-07-09 08:30:28,530,tie_silencer,empire,8,3,9,5,Dagobah
2025-07-09 08:30:27,531,x-wing,empire,8,3,9,2,Ryloth
2025-07-09 08:30:26,532,at-st,resistance,10,9,2,4,Trandosha
2025-07-09 08:30:25,533,stormtrooper,resistance,3,1,8,6,Mirial
2025-07-09 08:30:24,534,at-at,empire,10,3,4,9,Champala
2025-07-09 08:30:23,535,at-st,empire,9,5,1,7,Iktotch
2025-07-09 08:30:22,536,at-st,resistance,7,8,8,7,Glee Anselm
2025-07-09 08:30:21,537,at-st,empire,8,8,7,9,Toydaria
2025-07-09 08:30:20,538,tie_fighter,empire,3,1,6,7,Haruun Kal
2025-07-09 08:30:19,539,at-at,empire,1,3,3,8,Concord Dawn
2025-07-09 08:30:18,540,tie_fighter,empire,3,7,5,8,Ojom
2025-07-09 08:30:17,541,at-at,empire,7,9,2,8,Aleen Minor
2025-07-09 08:30:16,542,x-wing,resistance,10,9,8,1,Haruun Kal
2025-07-09 08:30:15,543,at-st,empire,1,4,3,3,Quermia
2025-07-09 08:30:14,544,tie_fighter,resistance,5,5,3,2,Sullust
2025-07-09 08:30:13,545,tie_fighter,resistance,7,7,10,8,Socorro
2025-07-09 08:30:12,546,tie_silencer,empire,2,10,9,6,Tholoth
2025-07-09 08:30:11,547,x-wing,resistance,3,6,8,9,Iridonia
2025-07-09 08:30:10,548,at-at,empire,10,8,6,9,Bestine IV
2025-07-09 08:30:09,549,at-at,empire,5,7,8,1,Naboo
2025-07-09 08:30:08,550,tie_fighter,resistance,5,6,1,6,Dagobah
2025-07-09 08:30:07,551,x-wing,resistance,8,2,7,8,Sullust
2025-07-09 08:30:06,552,x-wing,resistance,2,9,10,3,Kalee
2025-07-09 08:30:05,553,at-st,empire,3,2,2,1,Rodia
2025-07-09 08:30:04,554,unknown,empire,1,2,9,4,Tholoth
2025-07-09 08:30:03,555,tie_silencer,resistance,7,3,8,4,Iktotch
2025-07-09 08:30:02,556,at-at,empire,7,8,6,7,Corellia
2025-07-09 08:30:01,557,at-at,resistance,6,9,6,9,Glee Anselm
2025-07-09 08:30:00,558,stormtrooper,resistance,4,3,6,6,Dagobah
2025-07-09 08:29:59,559,stormtrooper,empire,2,4,1,4,Socorro
2025-07-09 08:29:58,560,resistance_soldier,resistance,8,8,5,1,Kalee
2025-07-09 08:29:57,561,x-wing,empire,7,6,8,4,Concord Dawn
2025-07-09 08:29:56,562,resistance_soldier,resistance,9,7,1,9,Kashyyyk
2025-07-09 08:29:55,563,x-wing,resistance,3,3,6,5,Chandrila
2025-07-09 08:29:54,564,at-at,empire,9,5,6,1,Concord Dawn
2025-07-09 08:29:53,565,tie_fighter,resistance,1,9,7,1,Mon Cala
2025-07-09 08:29:52,566,stormtrooper,empire,4,7,5,5,Bestine IV
2025-07-09 08:29:51,567,tie_fighter,empire,5,9,2,7,Tholoth
2025-07-09 08:29:50,568,tie_fighter,empire,5,1,6,4,Iridonia
2025-07-09 08:29:49,569,tie_fighter,empire,1,7,6,1,Concord Dawn
2025-07-09 08:29:48,570,at-at,resistance,5,2,6,7,Ryloth
2025-07-09 08:29:47,571,stormtrooper,empire,8,2,10,5,Tholoth
2025-07-09 08:29:46,572,unknown,resistance,5,7,8,3,Kashyyyk
2025-07-09 08:29:45,573,at-st,resistance,1,4,7,6,Glee Anselm
2025-07-09 08:29:44,574,x-wing,empire,4,8,6,10,Tund
2025-07-09 08:29:43,575,tie_fighter,resistance,4,10,7,5,Iridonia
2025-07-09 08:29:42,576,x-wing,resistance,2,3,4,8,Haruun Kal
2025-07-09 08:29:41,577,at-at,resistance,5,6,8,9,Mirial
2025-07-09 08:29:40,578,at-st,resistance,10,3,9,6,Trandosha
2025-07-09 08:29:39,579,tie_fighter,resistance,9,5,7,3,Socorro
2025-07-09 08:29:38,580,x-wing,empire,2,8,6,7,Skako
2025-07-09 08:29:37,581,at-at,resistance,7,7,2,2,Zolan
2025-07-09 08:29:36,582,unknown,resistance,1,4,4,8,Dathomir
2025-07-09 08:29:35,583,at-st,resistance,8,9,6,3,Ryloth
2025-07-09 08:29:34,584,x-wing,resistance,1,5,8,10,Stewjon
2025-07-09 08:29:33,585,tie_fighter,empire,3,7,5,2,Tatooine
2025-07-09 08:29:32,586,tie_silencer,resistance,9,6,2,6,Aleen Minor
2025-07-09 08:29:31,587,resistance_soldier,empire,6,6,6,3,Kashyyyk
2025-07-09 08:29:30,588,unknown,empire,6,6,3,10,Aleen Minor
2025-07-09 08:29:29,589,resistance_soldier,empire,7,3,2,1,Tatooine
2025-07-09 08:29:28,590,resistance_soldier,resistance,1,3,6,1,Trandosha
2025-07-09 08:29:27,591,unknown,resistance,4,1,4,4,Vulpter
2025-07-09 08:29:26,592,stormtrooper,empire,6,10,2,6,Eriadu
2025-07-09 08:29:25,593,resistance_soldier,empire,4,9,7,6,Kalee
2025-07-09 08:29:24,594,tie_fighter,empire,3,1,9,4,Cerea
2025-07-09 08:29:23,595,unknown,resistance,9,1,2,3,Tholoth
2025-07-09 08:29:22,596,x-wing,empire,1,8,7,1,Mirial
2025-07-09 08:29:21,597,stormtrooper,resistance,2,9,5,10,Sullust
2025-07-09 08:29:20,598,tie_fighter,resistance,8,10,3,3,Alderaan
2025-07-09 08:29:19,599,stormtrooper,empire,3,6,2,5,Skako
2025-07-09 08:29:18,600,stormtrooper,resistance,9,6,7,6,Dagobah
2025-07-09 08:29:17,601,x-wing,resistance,9,4,9,8,Rodia
2025-07-09 08:29:16,602,resistance_soldier,empire,5,1,7,9,Tholoth
2025-07-09 08:29:15,603,at-at,resistance,2,2,7,1,Glee Anselm
2025-07-09 08:29:14,604,unknown,empire,9,7,7,6,Haruun Kal
2025-07-09 08:29:13,605,resistance_soldier,resistance,3,10,8,6,Kashyyyk
2025-07-09 08:29:12,606,tie_silencer,empire,7,1,6,6,Dorin
2025-07-09 08:29:11,607,stormtrooper,empire,7,6,2,4,Tholoth
2025-07-09 08:29:10,608,resistance_soldier,resistance,2,8,3,3,Kashyyyk
2025-07-09 08:29:09,609,at-st,empire,2,2,3,3,Dorin
2025-07-09 08:29:08,610,unknown,empire,7,1,9,5,Quermia
2025-07-09 08:29:07,611,at-at,resistance,5,6,10,6,Chandrila
2025-07-09 08:29:06,612,unknown,resistance,2,8,9,9,Mon Cala
2025-07-09 08:29:05,613,at-st,resistance,4,9,9,7,Dorin
2025-07-09 08:29:04,614,unknown,resistance,4,3,2,8,Aleen Minor
2025-07-09 08:29:03,615,tie_silencer,empire,9,4,4,3,Tatooine
2025-07-09 08:29:02,616,at-st,empire,7,6,8,3,Muunilinst
2025-07-09 08:29:01,617,x-wing,resistance,3,7,2,9,Aleen Minor
2025-07-09 08:29:00,618,at-st,resistance,3,4,7,7,Malastare
2025-07-09 08:28:59,619,at-st,empire,6,7,3,6,Corellia
2025-07-09 08:28:58,620,tie_silencer,resistance,8,8,8,3,Quermia
2025-07-09 08:28:57,621,tie_fighter,empire,5,5,2,8,Malastare
2025-07-09 08:28:56,622,tie_silencer,resistance,5,5,6,4,Chandrila
2025-07-09 08:28:55,623,x-wing,resistance,5,4,3,1,Ryloth
2025-07-09 08:28:54,624,unknown,empire,5,6,9,1,Mon Cala
2025-07-09 08:28:53,625,tie_silencer,resistance,6,8,3,1,Aleen Minor
2025-07-09 08:28:52,626,at-at,resistance,3,1,2,7,Cerea
2025-07-09 08:28:51,627,at-at,empire,8,8,3,8,Tatooine
2025-07-09 08:28:50,628,at-st,empire,1,3,10,3,Tund
2025-07-09 08:28:49,629,at-at,resistance,10,9,10,10,Alderaan
2025-07-09 08:28:48,630,at-at,empire,8,9,8,1,Vulpter
2025-07-09 08:28:47,631,at-at,empire,4,4,6,10,Naboo
2025-07-09 08:28:46,632,x-wing,empire,2,3,6,6,Vulpter
2025-07-09 08:28:45,633,unknown,empire,4,9,5,2,Serenno
2025-07-09 08:28:44,634,stormtrooper,resistance,2,9,7,2,Troiken
2025-07-09 08:28:43,635,at-st,empire,7,6,10,9,Vulpter
2025-07-09 08:28:42,636,resistance_soldier,resistance,6,7,6,2,Vulpter
2025-07-09 08:28:41,637,stormtrooper,empire,8,2,7,3,Vulpter
2025-07-09 08:28:40,638,at-st,empire,2,10,2,2,Serenno
2025-07-09 08:28:39,639,tie_silencer,resistance,3,4,7,4,Kashyyyk
2025-07-09 08:28:38,640,at-at,empire,10,1,3,1,Tholoth
2025-07-09 08:28:37,641,stormtrooper,resistance,10,7,2,4,Vulpter
2025-07-09 08:28:36,642,x-wing,empire,3,4,10,9,Trandosha
2025-07-09 08:28:35,643,tie_fighter,resistance,2,9,3,2,Malastare
2025-07-09 08:28:34,644,at-st,empire,3,7,8,7,Bestine IV
2025-07-09 08:28:33,645,tie_silencer,resistance,3,1,3,1,Tholoth
2025-07-09 08:28:32,646,at-at,resistance,2,7,7,10,Dathomir
2025-07-09 08:28:31,647,tie_silencer,resistance,10,9,2,1,Dorin
2025-07-09 08:28:30,648,unknown,empire,9,8,10,5,Haruun Kal
2025-07-09 08:28:29,649,tie_silencer,resistance,8,2,6,7,Muunilinst
2025-07-09 08:28:28,650,resistance_soldier,resistance,1,5,5,3,Socorro
2025-07-09 08:28:27,651,at-at,empire,1,7,6,3,Dagobah
2025-07-09 08:28:26,652,at-at,empire,7,8,1,8,Tund
2025-07-09 08:28:25,653,x-wing,resistance,5,5,6,9,Trandosha
2025-07-09 08:28:24,654,tie_silencer,resistance,5,4,8,1,Chandrila
2025-07-09 08:28:23,655,resistance_soldier,empire,6,7,8,3,Bestine IV
2025-07-09 08:28:22,656,at-at,resistance,2,5,6,5,Malastare
2025-07-09 08:28:21,657,unknown,empire,10,6,10,9,Corellia
2025-07-09 08:28:20,658,stormtrooper,resistance,3,6,2,10,Dagobah
2025-07-09 08:28:19,659,tie_silencer,empire,8,4,5,1,Muunilinst
2025-07-09 08:28:18,660,at-at,resistance,3,3,10,1,Concord Dawn
2025-07-09 08:28:17,661,resistance_soldier,empire,5,3,2,7,Tund
2025-07-09 08:28:16,662,at-at,resistance,2,5,5,1,Haruun Kal
2025-07-09 08:28:15,663,unknown,empire,2,7,4,3,Corellia
2025-07-09 08:28:14,664,unknown,empire,2,8,3,9,Skako
2025-07-09 08:28:13,665,stormtrooper,empire,1,8,6,3,Dagobah
2025-07-09 08:28:12,666,resistance_soldier,resistance,4,9,5,10,Skako
2025-07-09 08:28:11,667,at-st,resistance,5,1,2,8,Quermia
2025-07-09 08:28:10,668,at-at,empire,1,2,5,4,Skako
2025-07-09 08:28:09,669,resistance_soldier,resistance,9,9,6,1,Iktotch
2025-07-09 08:28:08,670,at-st,empire,2,7,7,8,Toydaria
2025-07-09 08:28:07,671,unknown,empire,2,1,2,1,Kalee
2025-07-09 08:28:06,672,x-wing,resistance,1,10,7,6,Umbara
2025-07-09 08:28:05,673,tie_silencer,empire,4,4,6,3,Dathomir
2025-07-09 08:28:04,674,x-wing,empire,10,8,9,1,Haruun Kal
2025-07-09 08:28:03,675,resistance_soldier,empire,1,9,3,10,Vulpter
2025-07-09 08:28:02,676,tie_silencer,resistance,2,4,2,2,Dagobah
2025-07-09 08:28:01,677,at-st,empire,8,9,4,8,Serenno
2025-07-09 08:28:00,678,at-st,empire,2,4,10,7,Tund
2025-07-09 08:27:59,679,tie_silencer,resistance,6,6,5,6,Trandosha
2025-07-09 08:27:58,680,unknown,empire,5,8,9,8,Muunilinst
2025-07-09 08:27:57,681,x-wing,empire,9,8,8,5,Troiken
2025-07-09 08:27:56,682,at-at,resistance,3,7,2,10,Trandosha
2025-07-09 08:27:55,683,at-st,resistance,9,10,1,3,Trandosha
2025-07-09 08:27:54,684,tie_fighter,resistance,1,5,1,4,Shili
2025-07-09 08:27:53,685,resistance_soldier,resistance,7,7,5,10,Alderaan
2025-07-09 08:27:52,686,tie_fighter,resistance,7,6,7,10,Socorro
2025-07-09 08:27:51,687,tie_fighter,empire,7,7,5,2,Haruun Kal
2025-07-09 08:27:50,688,tie_silencer,resistance,8,5,5,5,Dathomir
2025-07-09 08:27:49,689,at-at,empire,10,4,1,2,Corellia
2025-07-09 08:27:48,690,x-wing,resistance,1,7,1,8,Quermia
2025-07-09 08:27:47,691,stormtrooper,empire,1,1,10,5,Dagobah
2025-07-09 08:27:46,692,resistance_soldier,empire,10,2,6,9,Tatooine
2025-07-09 08:27:45,693,unknown,resistance,2,10,9,5,Quermia
2025-07-09 08:27:44,694,stormtrooper,empire,1,3,1,1,Dathomir
2025-07-09 08:27:43,695,at-at,empire,4,10,6,7,Zolan
2025-07-09 08:27:42,696,at-st,resistance,7,1,7,9,Sullust
2025-07-09 08:27:41,697,resistance_soldier,empire,3,5,4,7,Muunilinst
2025-07-09 08:27:40,698,x-wing,resistance,3,10,6,5,Alderaan
2025-07-09 08:27:39,699,unknown,empire,10,1,1,9,Stewjon
2025-07-09 08:27:38,700,tie_fighter,empire,7,9,7,8,Champala
2025-07-09 08:27:37,701,at-st,resistance,2,9,9,9,Tatooine
2025-07-09 08:27:36,702,at-st,resistance,1,5,2,7,Glee Anselm
2025-07-09 08:27:35,703,at-at,empire,9,9,4,10,Iktotch
2025-07-09 08:27:34,704,resistance_soldier,empire,5,2,3,8,Tholoth
2025-07-09 08:27:33,705,at-at,resistance,5,10,4,6,Kashyyyk
2025-07-09 08:27:32,706,stormtrooper,empire,1,2,2,6,Eriadu
2025-07-09 08:27:31,707,x-wing,resistance,4,9,9,9,Bestine IV
2025-07-09 08:27:30,708,tie_fighter,resistance,5,3,4,6,Iridonia
2025-07-09 08:27:29,709,x-wing,empire,2,2,8,4,Eriadu
2025-07-09 08:27:28,710,x-wing,empire,1,7,4,6,Muunilinst
2025-07-09 08:27:27,711,at-at,resistance,5,7,4,3,Serenno
2025-07-09 08:27:26,712,at-at,resistance,3,5,10,8,Mon Cala
2025-07-09 08:27:25,713,stormtrooper,empire,3,7,6,7,Tund
2025-07-09 08:27:24,714,at-at,empire,2,3,2,5,Cerea
2025-07-09 08:27:23,715,unknown,empire,10,6,4,9,Zolan
2025-07-09 08:27:22,716,at-st,resistance,4,5,10,5,Iridonia
2025-07-09 08:27:21,717,unknown,resistance,5,3,4,4,Tholoth
2025-07-09 08:27:20,718,unknown,resistance,10,9,4,3,Dathomir
2025-07-09 08:27:19,719,at-st,resistance,8,10,6,10,Chandrila
2025-07-09 08:27:18,720,unknown,empire,10,4,8,7,Haruun Kal
2025-07-09 08:27:17,721,x-wing,empire,3,3,7,9,Cerea
2025-07-09 08:27:16,722,at-st,empire,5,5,6,10,Ryloth
2025-07-09 08:27:15,723,unknown,resistance,2,1,1,2,Aleen Minor
2025-07-09 08:27:14,724,unknown,empire,7,9,8,5,Trandosha
2025-07-09 08:27:13,725,unknown,empire,9,9,5,9,Serenno
2025-07-09 08:27:12,726,tie_fighter,empire,4,2,3,4,Dagobah
2025-07-09 08:27:11,727,at-at,resistance,3,9,7,10,Umbara
2025-07-09 08:27:10,728,tie_fighter,resistance,2,10,3,7,Socorro
2025-07-09 08:27:09,729,resistance_soldier,resistance,1,10,10,6,Sullust
2025-07-09 08:27:08,730,at-at,resistance,9,3,1,6,Bestine IV
2025-07-09 08:27:07,731,tie_silencer,resistance,8,3,5,6,Dathomir
2025-07-09 08:27:06,732,resistance_soldier,empire,1,3,5,4,Aleen Minor
2025-07-09 08:27:05,733,tie_silencer,empire,1,2,10,3,Shili
2025-07-09 08:27:04,734,unknown,resistance,7,10,9,10,Mirial
2025-07-09 08:27:03,735,x-wing,empire,3,6,9,2,Dorin
2025-07-09 08:27:02,736,x-wing,resistance,8,5,6,4,Ryloth
2025-07-09 08:27:01,737,x-wing,empire,4,5,4,6,Tatooine
2025-07-09 08:27:00,738,unknown,resistance,6,6,3,7,Bestine IV
2025-07-09 08:26:59,739,unknown,resistance,7,1,7,6,Iridonia
2025-07-09 08:26:58,740,tie_silencer,empire,3,5,5,2,Champala
2025-07-09 08:26:57,741,x-wing,resistance,2,8,8,7,Tund
2025-07-09 08:26:56,742,resistance_soldier,empire,10,10,9,8,Trandosha
2025-07-09 08:26:55,743,unknown,resistance,7,9,6,8,Kashyyyk
2025-07-09 08:26:54,744,stormtrooper,empire,1,1,4,8,Quermia
2025-07-09 08:26:53,745,stormtrooper,empire,5,9,9,9,Tholoth
2025-07-09 08:26:52,746,x-wing,empire,3,2,1,3,Dagobah
2025-07-09 08:26:51,747,tie_silencer,empire,1,2,7,2,Quermia
2025-07-09 08:26:50,748,at-st,resistance,10,1,4,6,Ojom
2025-07-09 08:26:49,749,unknown,resistance,3,3,4,7,Toydaria
2025-07-09 08:26:48,750,at-at,resistance,1,6,10,6,Trandosha
2025-07-09 08:26:47,751,resistance_soldier,empire,8,6,1,2,Rodia
2025-07-09 08:26:46,752,at-st,resistance,9,4,9,4,Chandrila
2025-07-09 08:26:45,753,tie_silencer,resistance,9,5,7,4,Rodia
2025-07-09 08:26:44,754,at-st,resistance,10,6,3,8,Kashyyyk
2025-07-09 08:26:43,755,unknown,resistance,4,9,7,2,Aleen Minor
2025-07-09 08:26:42,756,tie_fighter,resistance,8,6,6,2,Cerea
2025-07-09 08:26:41,757,unknown,resistance,3,5,2,5,Iktotch
2025-07-09 08:26:40,758,tie_silencer,resistance,8,5,9,10,Socorro
2025-07-09 08:26:39,759,at-at,empire,4,4,2,10,Ryloth
2025-07-09 08:26:38,760,unknown,empire,6,4,4,6,Corellia
2025-07-09 08:26:37,761,tie_fighter,resistance,7,2,9,4,Glee Anselm
2025-07-09 08:26:36,762,unknown,empire,2,9,9,4,Corellia
2025-07-09 08:26:35,763,unknown,resistance,2,10,8,3,Champala
2025-07-09 08:26:34,764,at-st,resistance,8,4,8,1,Chandrila
2025-07-09 08:26:33,765,stormtrooper,empire,5,1,1,7,Shili
2025-07-09 08:26:32,766,unknown,resistance,6,1,9,5,Ryloth
2025-07-09 08:26:31,767,at-st,resistance,9,5,3,6,Chandrila
2025-07-09 08:26:30,768,tie_fighter,resistance,9,2,1,10,Toydaria
2025-07-09 08:26:29,769,tie_fighter,empire,10,6,7,5,Corellia
2025-07-09 08:26:28,770,stormtrooper,empire,8,3,7,5,Zolan
2025-07-09 08:26:27,771,tie_fighter,resistance,1,3,9,8,Iridonia
2025-07-09 08:26:26,772,tie_fighter,resistance,10,5,1,7,Chandrila
2025-07-09 08:26:25,773,at-at,empire,2,5,6,5,Concord Dawn
2025-07-09 08:26:24,774,unknown,resistance,10,1,1,10,Kalee
2025-07-09 08:26:23,775,stormtrooper,empire,2,1,7,10,Tatooine
2025-07-09 08:26:22,776,tie_silencer,empire,7,10,6,5,Dagobah
2025-07-09 08:26:21,777,x-wing,resistance,2,8,8,3,Aleen Minor
2025-07-09 08:26:20,778,at-st,resistance,3,3,2,3,Mirial
2025-07-09 08:26:19,779,resistance_soldier,empire,7,2,5,4,Serenno
2025-07-09 08:26:18,780,at-at,empire,4,10,4,10,Tholoth
2025-07-09 08:26:17,781,resistance_soldier,resistance,6,8,10,5,Trandosha
2025-07-09 08:26:16,782,unknown,empire,2,5,10,2,Concord Dawn
2025-07-09 08:26:15,783,x-wing,empire,4,7,6,8,Chandrila
2025-07-09 08:26:14,784,resistance_soldier,resistance,6,9,6,2,Dorin
2025-07-09 08:26:13,785,stormtrooper,empire,7,1,7,9,Ojom
2025-07-09 08:26:12,786,x-wing,empire,3,1,6,1,Mirial
2025-07-09 08:26:11,787,stormtrooper,empire,2,9,9,5,Serenno
2025-07-09 08:26:10,788,at-st,resistance,5,3,1,1,Bestine IV
2025-07-09 08:26:09,789,at-at,empire,5,9,10,6,Serenno
2025-07-09 08:26:08,790,x-wing,empire,5,8,9,8,Tatooine
2025-07-09 08:26:07,791,at-at,empire,7,2,2,7,Vulpter
2025-07-09 08:26:06,792,at-at,resistance,10,10,2,3,Eriadu
2025-07-09 08:26:05,793,unknown,resistance,6,8,6,3,Glee Anselm
2025-07-09 08:26:04,794,x-wing,empire,7,1,5,8,Serenno
2025-07-09 08:26:03,795,tie_fighter,empire,3,4,2,5,Naboo
2025-07-09 08:26:02,796,resistance_soldier,resistance,7,1,10,5,Socorro
2025-07-09 08:26:01,797,at-st,resistance,8,7,4,5,Glee Anselm
2025-07-09 08:26:00,798,tie_silencer,empire,10,4,10,9,Serenno
2025-07-09 08:25:59,799,stormtrooper,empire,8,7,8,1,Toydaria
2025-07-09 08:25:58,800,unknown,resistance,1,1,10,10,Mon Cala
2025-07-09 08:25:57,801,unknown,empire,6,9,4,8,Dagobah
2025-07-09 08:25:56,802,tie_silencer,empire,2,1,7,5,Stewjon
2025-07-09 08:25:55,803,x-wing,empire,7,1,2,1,Kalee
2025-07-09 08:25:54,804,stormtrooper,resistance,5,10,4,8,Chandrila
2025-07-09 08:25:53,805,x-wing,resistance,5,10,2,2,Haruun Kal
2025-07-09 08:25:52,806,stormtrooper,empire,3,1,5,9,Kashyyyk
2025-07-09 08:25:51,807,resistance_soldier,empire,4,6,9,5,Aleen Minor
2025-07-09 08:25:50,808,resistance_soldier,resistance,7,2,7,6,Alderaan
2025-07-09 08:25:49,809,x-wing,empire,6,7,8,10,Rodia
2025-07-09 08:25:48,810,resistance_soldier,empire,6,8,10,6,Corellia
2025-07-09 08:25:47,811,x-wing,resistance,3,1,7,3,Kashyyyk
2025-07-09 08:25:46,812,stormtrooper,empire,5,3,1,3,Vulpter
2025-07-09 08:25:45,813,tie_fighter,empire,2,6,8,1,Dathomir
2025-07-09 08:25:44,814,x-wing,resistance,10,2,5,7,Aleen Minor
2025-07-09 08:25:43,815,unknown,empire,1,8,1,3,Serenno
2025-07-09 08:25:42,816,tie_silencer,empire,4,5,1,8,Aleen Minor
2025-07-09 08:25:41,817,at-st,empire,7,9,6,9,Shili
2025-07-09 08:25:40,818,resistance_soldier,resistance,3,3,5,3,Chandrila
2025-07-09 08:25:39,819,x-wing,resistance,1,5,4,6,Socorro
2025-07-09 08:25:38,820,at-at,empire,9,7,5,5,Corellia
2025-07-09 08:25:37,821,at-at,empire,4,8,9,8,Toydaria
2025-07-09 08:25:36,822,at-st,empire,10,4,9,3,Concord Dawn
2025-07-09 08:25:35,823,unknown,resistance,2,4,4,2,Iktotch
2025-07-09 08:25:34,824,unknown,resistance,7,7,5,8,Eriadu
2025-07-09 08:25:33,825,resistance_soldier,empire,1,4,8,2,Dagobah
2025-07-09 08:25:32,826,at-at,empire,4,6,5,5,Aleen Minor
2025-07-09 08:25:31,827,x-wing,resistance,10,7,5,6,Trandosha
2025-07-09 08:25:30,828,at-st,resistance,8,8,9,5,Shili
2025-07-09 08:25:29,829,tie_fighter,resistance,9,10,9,4,Umbara
2025-07-09 08:25:28,830,tie_silencer,resistance,4,4,5,5,Dathomir
2025-07-09 08:25:27,831,unknown,resistance,9,10,3,9,Vulpter
2025-07-09 08:25:26,832,at-st,empire,10,10,3,10,Stewjon
2025-07-09 08:25:25,833,stormtrooper,empire,5,4,7,1,Serenno
2025-07-09 08:25:24,834,unknown,resistance,5,7,7,6,Haruun Kal
2025-07-09 08:25:23,835,tie_fighter,resistance,7,1,5,4,Iridonia
2025-07-09 08:25:22,836,at-st,resistance,4,9,4,9,Shili
2025-07-09 08:25:21,837,x-wing,resistance,8,7,2,3,Sullust
2025-07-09 08:25:20,838,at-at,resistance,5,6,6,4,Zolan
2025-07-09 08:25:19,839,at-at,resistance,4,1,7,1,Kalee
2025-07-09 08:25:18,840,tie_fighter,resistance,7,1,8,1,Iktotch
2025-07-09 08:25:17,841,unknown,resistance,4,7,8,2,Quermia
2025-07-09 08:25:16,842,x-wing,empire,2,8,1,4,Champala
2025-07-09 08:25:15,843,unknown,resistance,9,10,6,1,Chandrila
2025-07-09 08:25:14,844,unknown,resistance,7,7,1,8,Iridonia
2025-07-09 08:25:13,845,at-st,empire,2,10,4,7,Iktotch
2025-07-09 08:25:12,846,unknown,resistance,2,8,9,4,Ryloth
2025-07-09 08:25:11,847,at-st,empire,5,4,10,7,Ojom
2025-07-09 08:25:10,848,at-st,resistance,9,2,7,8,Umbara
2025-07-09 08:25:09,849,unknown,resistance,5,1,7,7,Shili
2025-07-09 08:25:08,850,tie_silencer,resistance,1,7,4,4,Alderaan
2025-07-09 08:25:07,851,stormtrooper,resistance,6,1,7,5,Glee Anselm
2025-07-09 08:25:06,852,stormtrooper,resistance,8,3,3,4,Haruun Kal
2025-07-09 08:25:05,853,x-wing,empire,2,4,9,8,Iktotch
2025-07-09 08:25:04,854,unknown,resistance,9,9,5,4,Socorro
2025-07-09 08:25:03,855,unknown,empire,5,8,1,8,Vulpter
2025-07-09 08:25:02,856,tie_fighter,empire,10,2,3,2,Tatooine
2025-07-09 08:25:01,857,x-wing,resistance,5,5,1,9,Trandosha
2025-07-09 08:25:00,858,unknown,resistance,6,7,6,5,Tatooine
2025-07-09 08:24:59,859,at-at,empire,8,3,1,6,Muunilinst
2025-07-09 08:24:58,860,tie_fighter,resistance,3,8,2,4,Sullust
2025-07-09 08:24:57,861,stormtrooper,empire,8,5,9,2,Concord Dawn
2025-07-09 08:24:56,862,at-st,resistance,3,3,9,7,Alderaan
2025-07-09 08:24:55,863,resistance_soldier,empire,10,2,1,6,Tatooine
2025-07-09 08:24:54,864,resistance_soldier,empire,10,5,2,9,Naboo
2025-07-09 08:24:53,865,x-wing,resistance,10,7,2,1,Alderaan
2025-07-09 08:24:52,866,tie_fighter,resistance,2,5,10,4,Shili
2025-07-09 08:24:51,867,resistance_soldier,resistance,7,3,9,6,Concord Dawn
2025-07-09 08:24:50,868,at-at,resistance,6,3,5,10,Glee Anselm
2025-07-09 08:24:49,869,unknown,empire,8,8,7,10,Trandosha
2025-07-09 08:24:48,870,x-wing,empire,7,3,3,7,Corellia
2025-07-09 08:24:47,871,tie_silencer,empire,8,7,1,3,Vulpter
2025-07-09 08:24:46,872,tie_silencer,empire,10,1,9,2,Concord Dawn
2025-07-09 08:24:45,873,resistance_soldier,resistance,4,9,6,7,Alderaan
2025-07-09 08:24:44,874,x-wing,empire,6,1,9,9,Eriadu
2025-07-09 08:24:43,875,stormtrooper,resistance,10,1,8,5,Ryloth
2025-07-09 08:24:42,876,stormtrooper,empire,1,5,6,4,Eriadu
2025-07-09 08:24:41,877,tie_silencer,resistance,8,6,10,6,Alderaan
2025-07-09 08:24:40,878,resistance_soldier,empire,7,1,7,6,Zolan
2025-07-09 08:24:39,879,at-at,empire,3,6,7,10,Aleen Minor
2025-07-09 08:24:38,880,stormtrooper,empire,7,3,9,3,Haruun Kal
2025-07-09 08:24:37,881,resistance_soldier,resistance,5,3,8,8,Shili
2025-07-09 08:24:36,882,at-at,resistance,5,6,5,5,Mon Cala
2025-07-09 08:24:35,883,resistance_soldier,empire,5,6,10,2,Tholoth
2025-07-09 08:24:34,884,at-at,resistance,6,6,6,1,Umbara
2025-07-09 08:24:33,885,resistance_soldier,resistance,4,3,5,6,Malastare
2025-07-09 08:24:32,886,unknown,resistance,10,1,2,7,Alderaan
2025-07-09 08:24:31,887,unknown,empire,7,1,9,4,Dorin
2025-07-09 08:24:30,888,tie_fighter,resistance,8,9,2,5,Cerea
2025-07-09 08:24:29,889,tie_fighter,resistance,7,2,1,7,Vulpter
2025-07-09 08:24:28,890,at-at,empire,8,4,3,7,Rodia
2025-07-09 08:24:27,891,tie_fighter,empire,7,7,5,2,Malastare
2025-07-09 08:24:26,892,at-st,resistance,8,3,6,10,Shili
2025-07-09 08:24:25,893,at-at,empire,6,4,9,8,Glee Anselm
2025-07-09 08:24:24,894,at-st,empire,7,7,10,9,Ojom
2025-07-09 08:24:23,895,tie_silencer,resistance,10,2,5,9,Rodia
2025-07-09 08:24:22,896,resistance_soldier,resistance,5,10,7,5,Tatooine
2025-07-09 08:24:21,897,unknown,resistance,8,2,8,3,Skako
2025-07-09 08:24:20,898,tie_fighter,empire,9,4,2,8,Corellia
2025-07-09 08:24:19,899,x-wing,resistance,4,5,4,2,Umbara
2025-07-09 08:24:18,900,resistance_soldier,resistance,10,8,6,5,Haruun Kal
2025-07-09 08:24:17,901,tie_fighter,resistance,7,9,2,10,Kashyyyk
2025-07-09 08:24:16,902,at-st,resistance,4,8,2,2,Zolan
2025-07-09 08:24:15,903,resistance_soldier,empire,6,6,4,4,Cerea
2025-07-09 08:24:14,904,tie_fighter,resistance,10,4,1,8,Ryloth
2025-07-09 08:24:13,905,unknown,empire,1,7,8,4,Aleen Minor
2025-07-09 08:24:12,906,unknown,empire,6,8,5,4,Stewjon
2025-07-09 08:24:11,907,tie_silencer,resistance,8,5,8,2,Tholoth
2025-07-09 08:24:10,908,tie_silencer,resistance,6,2,1,2,Alderaan
2025-07-09 08:24:09,909,stormtrooper,resistance,3,7,8,10,Dagobah
2025-07-09 08:24:08,910,at-st,empire,10,3,8,1,Skako
2025-07-09 08:24:07,911,tie_silencer,empire,4,7,4,9,Ryloth
2025-07-09 08:24:06,912,tie_silencer,resistance,10,3,2,5,Chandrila
2025-07-09 08:24:05,913,tie_silencer,resistance,7,4,7,7,Kalee
2025-07-09 08:24:04,914,x-wing,empire,7,5,6,9,Bestine IV
2025-07-09 08:24:03,915,stormtrooper,empire,10,7,2,5,Kalee
2025-07-09 08:24:02,916,stormtrooper,resistance,5,9,8,4,Aleen Minor
2025-07-09 08:24:01,917,resistance_soldier,empire,9,4,9,5,Mon Cala
2025-07-09 08:24:00,918,x-wing,empire,9,9,5,3,Tund
2025-07-09 08:23:59,919,tie_fighter,resistance,7,4,10,7,Haruun Kal
2025-07-09 08:23:58,920,tie_silencer,resistance,2,9,3,9,Ryloth
2025-07-09 08:23:57,921,at-at,resistance,6,7,9,8,Kalee
2025-07-09 08:23:56,922,at-st,empire,2,8,10,6,Cerea
2025-07-09 08:23:55,923,tie_fighter,resistance,3,10,3,6,Iktotch
2025-07-09 08:23:54,924,stormtrooper,empire,4,6,3,7,Skako
2025-07-09 08:23:53,925,x-wing,resistance,8,6,1,6,Kashyyyk
2025-07-09 08:23:52,926,tie_fighter,resistance,9,4,10,2,Zolan
2025-07-09 08:23:51,927,stormtrooper,resistance,5,7,7,6,Iktotch
2025-07-09 08:23:50,928,tie_fighter,resistance,8,6,2,8,Champala
2025-07-09 08:23:49,929,tie_fighter,empire,4,10,1,6,Dorin
2025-07-09 08:23:48,930,tie_fighter,empire,10,2,5,8,Iktotch
2025-07-09 08:23:47,931,unknown,resistance,9,4,3,1,Chandrila
2025-07-09 08:23:46,932,tie_silencer,resistance,2,9,9,5,Mon Cala
2025-07-09 08:23:45,933,at-at,resistance,7,10,5,5,Cerea
2025-07-09 08:23:44,934,at-st,empire,7,1,2,5,Dathomir
2025-07-09 08:23:43,935,at-at,empire,3,6,2,1,Concord Dawn
2025-07-09 08:23:42,936,at-at,resistance,2,7,7,5,Dathomir
2025-07-09 08:23:41,937,at-at,empire,5,10,1,3,Quermia
2025-07-09 08:23:40,938,tie_silencer,resistance,2,7,9,3,Champala
2025-07-09 08:23:39,939,tie_silencer,resistance,9,4,5,2,Quermia
2025-07-09 08:23:38,940,x-wing,empire,9,6,3,4,Mirial
2025-07-09 08:23:37,941,tie_silencer,resistance,9,10,10,7,Haruun Kal
2025-07-09 08:23:36,942,stormtrooper,empire,8,6,10,4,Serenno
2025-07-09 08:23:35,943,tie_silencer,resistance,9,9,6,4,Mon Cala
2025-07-09 08:23:34,944,at-at,resistance,6,2,9,10,Iridonia
2025-07-09 08:23:33,945,resistance_soldier,empire,9,1,9,8,Toydaria
2025-07-09 08:23:32,946,unknown,resistance,5,3,5,8,Mirial
2025-07-09 08:23:31,947,unknown,empire,1,8,10,4,Trandosha
2025-07-09 08:23:30,948,tie_silencer,empire,7,5,2,7,Dagobah
2025-07-09 08:23:29,949,at-at,empire,3,4,1,8,Umbara
2025-07-09 08:23:28,950,unknown,resistance,4,5,9,7,Champala
2025-07-09 08:23:27,951,tie_silencer,resistance,7,3,1,4,Sullust
2025-07-09 08:23:26,952,unknown,empire,10,1,6,9,Mirial
2025-07-09 08:23:25,953,stormtrooper,empire,10,7,8,7,Skako
2025-07-09 08:23:24,954,at-st,resistance,9,10,3,2,Champala
2025-07-09 08:23:23,955,tie_silencer,empire,1,4,2,7,Bestine IV
2025-07-09 08:23:22,956,at-st,empire,10,3,10,5,Corellia
2025-07-09 08:23:21,957,tie_fighter,empire,3,2,8,3,Skako
2025-07-09 08:23:20,958,tie_silencer,empire,9,3,6,1,Corellia
2025-07-09 08:23:19,959,at-st,resistance,8,8,8,5,Rodia
2025-07-09 08:23:18,960,at-st,resistance,3,3,2,4,Dagobah
2025-07-09 08:23:17,961,at-at,empire,3,6,9,4,Haruun Kal
2025-07-09 08:23:16,962,unknown,empire,9,10,3,5,Dagobah
2025-07-09 08:23:15,963,stormtrooper,resistance,10,1,1,10,Dathomir
2025-07-09 08:23:14,964,unknown,resistance,6,2,5,5,Tatooine
2025-07-09 08:23:13,965,at-at,resistance,6,9,3,3,Alderaan
2025-07-09 08:23:12,966,at-st,empire,9,9,10,8,Cerea
2025-07-09 08:23:11,967,x-wing,empire,1,1,10,2,Shili
2025-07-09 08:23:10,968,at-at,resistance,1,10,8,3,Shili
2025-07-09 08:23:09,969,at-st,empire,4,7,8,9,Toydaria
2025-07-09 08:23:08,970,stormtrooper,resistance,7,3,7,2,Socorro
2025-07-09 08:23:07,971,at-st,empire,3,5,7,9,Trandosha
2025-07-09 08:23:06,972,x-wing,empire,5,7,4,1,Quermia
2025-07-09 08:23:05,973,x-wing,empire,2,9,2,10,Concord Dawn
2025-07-09 08:23:04,974,x-wing,resistance,2,2,4,1,Malastare
2025-07-09 08:23:03,975,tie_fighter,empire,2,7,6,10,Tholoth
2025-07-09 08:23:02,976,x-wing,resistance,4,10,6,3,Iridonia
2025-07-09 08:23:01,977,stormtrooper,resistance,9,4,7,8,Malastare
2025-07-09 08:23:00,978,resistance_soldier,empire,8,10,10,9,Trandosha
2025-07-09 08:22:59,979,stormtrooper,resistance,7,4,1,10,Iridonia
2025-07-09 08:22:58,980,tie_fighter,resistance,2,6,5,3,Mon Cala
2025-07-09 08:22:57,981,tie_fighter,resistance,9,4,6,9,Sullust
2025-07-09 08:22:56,982,at-at,resistance,4,6,6,5,Sullust
2025-07-09 08:22:55,983,at-st,resistance,8,6,3,1,Dorin
2025-07-09 08:22:54,984,resistance_soldier,empire,3,2,7,10,Ojom
2025-07-09 08:22:53,985,resistance_soldier,resistance,8,5,2,1,Socorro
2025-07-09 08:22:52,986,unknown,resistance,5,3,1,9,Dathomir
2025-07-09 08:22:51,987,at-st,empire,9,8,9,9,Stewjon
2025-07-09 08:22:50,988,at-at,empire,10,7,8,4,Mirial
2025-07-09 08:22:49,989,x-wing,resistance,5,3,4,3,Trandosha
2025-07-09 08:22:48,990,at-st,empire,3,6,2,10,Bestine IV
2025-07-09 08:22:47,991,at-st,empire,4,10,8,8,Tholoth
2025-07-09 08:22:46,992,tie_silencer,resistance,7,5,7,9,Kashyyyk
2025-07-09 08:22:45,993,tie_silencer,resistance,9,4,6,3,Glee Anselm
2025-07-09 08:22:44,994,tie_fighter,resistance,3,6,5,5,Malastare
2025-07-09 08:22:43,995,tie_silencer,empire,6,1,1,1,Trandosha
2025-07-09 08:22:42,996,stormtrooper,resistance,1,7,10,9,Aleen Minor
2025-07-09 08:22:41,997,tie_fighter,empire,7,4,9,7,Kalee
2025-07-09 08:22:40,998,resistance_soldier,resistance,10,9,3,7,Chandrila
2025-07-09 08:22:39,999,at-st,empire,1,4,9,5,Stewjon
2025-07-09 08:22:38,1000,at-st,resistance,10,4,9,5,Kashyyyk
